<?xml version="1.0" encoding="UTF-8"?><_ROOT_ EMVERSION="15.1" ORIENTATION="HORIZONTAL">
<Workspace>
<NODES>
<NODE CLASS="SASHELP.EMUTIL.CONTROLPOINT.CLASS" COMPONENT="ControlPoint" ID="CNTRL" X="544" Y="178" DESCRIPTION="Control Point" DIAGRAMID="_ROOT_" PARENTID="">
<PROPERTIES/>
</NODE>
<NODE CLASS="SASHELP.EMCORE.EXTENSION.CLASS" COMPONENT="FileImport" ID="FIMPORT" X="84" Y="178" DESCRIPTION="File Import" DIAGRAMID="_ROOT_" PARENTID="" TOOLTYPE="SAMPLE" TOOLPREFIX="FIMPORT">
<PROPERTIES Location="CATALOG" Catalog="SASHELP.EMSAMP.Fimport.SOURCE" ImportType="Local" GuessRows="500" Delimiter="," NameRow="Y" SkipRows="0" MaxRows="1000000" MaxCols="10000" FileType="csv" Role="TRAIN" ForceRun="N" Summarize="N" AdvancedAdvisor="N" RunAction="Train" Component="FileImport" IFileName="D:\2.Business Analytics\210\Final Assessment 2\auto_mpg.csv" AccessTable="NoTableName" UserID="NoUserID" Password="NoPassword">
<VariableProperties/>
<EmVariableAttributes>
<DELTA Variable="mpg" AttributeName="ROLE" AttributeValue="TARGET"/>
</EmVariableAttributes>
<EmTargetAttributes/>
<EmFileProperties>
<USERTRAINCODE Type="EXTERNAL" Extension="sas">
<Data/>
</USERTRAINCODE>
<VARIABLESETDELTA Type="EXTERNAL" Extension="txt">
<Data><![CDATA[
if NAME=&quot;mpg&quot; then do;
ROLE=&quot;TARGET&quot;;
LEVEL=&quot;INTERVAL&quot;;
ORDER=&quot;&quot;;
DROP=&quot;N&quot;;
end;
]]>
</Data>
</VARIABLESETDELTA>
<DELTACODE Type="EXTERNAL" Extension="txt">
<Data><![CDATA[
if NAME=&quot;mpg&quot; then do;
ROLE=&quot;TARGET&quot;;
LEVEL=&quot;INTERVAL&quot;;
ORDER=&quot;&quot;;
end;
drop DROP;
]]>
</Data>
</DELTACODE>
<EMNOTES Type="EXTERNAL" Extension="txt">
<Data/>
</EMNOTES>
</EmFileProperties>
</PROPERTIES>
</NODE>
<NODE CLASS="SASHELP.EMCORE.EXTENSION.CLASS" COMPONENT="GraphExplore" ID="GrfExpl" X="241" Y="291" DESCRIPTION="Graph Explore" DIAGRAMID="_ROOT_" PARENTID="" TOOLTYPE="EXPLORE" TOOLPREFIX="GrfExpl">
<PROPERTIES Location="CATALOG" Catalog="SASHELP.EMEXPL.GRAPHEXPLORE.SOURCE" EmSampleMethod="FIRSTN" EmSampleSize="DEFAULT" EmRandomSeed="12345" Target="Y" GroupByTarget="Y" ForceRun="N" RunAction="Train" Component="GraphExplore" DataSource="SAMPLE" DataNeeded="Y">
<VariableProperties/>
<EmVariableAttributes/>
<EmTargetAttributes/>
<EmFileProperties>
<USERTRAINCODE Type="EXTERNAL" Extension="sas">
<Data/>
</USERTRAINCODE>
<EMNOTES Type="EXTERNAL" Extension="txt">
<Data/>
</EMNOTES>
</EmFileProperties>
</PROPERTIES>
</NODE>
<NODE CLASS="SASHELP.EMMDFY.EMIMPUTE.CLASS" COMPONENT="Impute" ID="Impt" X="699" Y="177" DESCRIPTION="Impute" DIAGRAMID="_ROOT_" PARENTID="" TOOLTYPE="MODIFY" TOOLPREFIX="Impt">
<PROPERTIES MethodInterval="MEAN" MethodClass="COUNT" MethodTargetInterval="NONE" MethodTargetClass="NONE" ABWTuning="9" AHUBERTuning="1.5" AWAVETuning="6.2831853072" SpacingProportion="90" DefaultChar="" DefaultNum="." RandomSeed="12345" Normalize="Y" ImputeNoMissing="N" MaxPctMissing="50" ValidateTestMissing="N" DistributionMissing="N" LeafSize="5" Maxbranch="2" Maxdepth="6" MinCatSize="5" Nrules="5" Nsurrs="2" Splitsize="." Indicator="NONE" IndicatorRole="REJECTED" ReplaceVariable="N" HideVariable="Y" IndicatorSource="IMPUTED" ForceRun="N" RunAction="Train" Component="Impute">
<VariableProperties/>
<EmVariableAttributes/>
<EmTargetAttributes/>
<EmFileProperties>
<EMNOTES Type="EXTERNAL" Extension="txt">
<Data/>
</EMNOTES>
</EmFileProperties>
</PROPERTIES>
</NODE>
<NODE CLASS="SASHELP.EMASSMT.ASSESS.CLASS" COMPONENT="ModelCompare" ID="MdlComp" X="1326" Y="258" DESCRIPTION="Model Comparison" DIAGRAMID="_ROOT_" PARENTID="" TOOLTYPE="ASSESS" TOOLPREFIX="MdlComp">
<PROPERTIES NumberOfReportedLevels="1E-6" NormalizeReportingVariables="Y" DecileBin="20" LiftEpsilon="1E-6" ProfitEpsilon="1E-6" RoiEpsilon="1E-6" ScoreDistBin="20" RocChart="Y" RocEpsilon="0.01" AssessAllTargetLevels="N" SelectionData="DEFAULT" HPCriteria="DEFAULT" intervalViyaCriteria="DEFAULT" classViyaCriteria="DEFAULT" SelectionTable="TRAIN" SelectionCriteria="DEFAULT" SelectionDepth="10" NumberofBins="20" RecomputeAssess="N" TargetName="mpg" ModelId="Neural" ModelDescription="Neural Network" ModelCriteria="Train: Average Squared Error" ForceRun="N" RunAction="Train" Component="ModelCompare" StatisticUsed="_ASE_" TargetLabel="">
<VariableProperties/>
<EmVariableAttributes/>
<EmTargetAttributes/>
<EmFileProperties>
<EMNOTES Type="EXTERNAL" Extension="txt">
<Data/>
</EMNOTES>
</EmFileProperties>
</PROPERTIES>
</NODE>
<NODE CLASS="SASHELP.EMMODL.NEURAL.CLASS" COMPONENT="NeuralNetwork" ID="Neural" X="1179" Y="179" DESCRIPTION="Neural Network" DIAGRAMID="_ROOT_" PARENTID="" TOOLTYPE="MODEL" TOOLPREFIX="Neural">
<PROPERTIES UseEstimates="N" NetworkArchitecture="MLP" DirectConnection="Y" Hidden="5" Prelim="Y" PreliminaryRuns="5" PrelimMaxiter="10" PrelimMaxTime="1 HOUR" Maxiter="50" Maxtime="4 HOURS" TrainingTechnique="DEFAULT" ConvDefaults="Y" AbsConvValue="-1.34078E154" AbsFValue="0" AbsFTime="1" AbsGValue="0.00001" AbsGTime="1" AbsXValue="1E-8" AbsXTime="1" FConvValue="0" FConvTime="1" GConvValue="1E-6" GConvTime="1" ModelSelectionCriterion="PROFIT/LOSS" SuppressOutput="N" Residuals="Y" Standardizations="N" HiddenUnits="N" TrainCode="" PrelimOutest="" Outest="" Outfit="" InitialDs="" CodefileRes="" CodefileNoRes="" AddHidden="Y" HiddenCombFunction="DEFAULT" HiddenActivation="DEFAULT" HiddenBias="Y" TargetCombFunction="DEFAULT" TargetActivation="DEFAULT" TargetError="DEFAULT" TargetBias="Y" InitialSeed="12345" RandDist="NORMAL" RandScale="0.1" RandLoc="0" InputStandardization="STD" WeightDecay="0" Accelerate="1.2" Decelerate="0.5" Learn="0.1" MaxLearn="50" MinLearn="0.00001" Momentum="0" MaxMomentum="1.75" Tilt="0" ForceRun="N" RunAction="Train" Component="NeuralNetwork">
<VariableProperties/>
<EmVariableAttributes/>
<EmTargetAttributes>
<mpg>
<DecData Table="EMWS1.Neural_mpg_DD">
<Data>
<Obs MPG="10"/>
<Obs MPG="46.6"/>
<Obs MPG="23.523899371"/>
</Data>
<Metadata>
<Variable NAME="mpg" LABEL="" LENGTH="8" FORMAT="" TYPE="N"/>
</Metadata>
</DecData>
<DecMeta Table="EMWS1.Neural_mpg_DM">
<Data>
<Obs _TYPE_="MATRIX" VARIABLE="" LABEL="" FORMAT="" LEVEL="PROFIT" TYPE="" COST="" USE="N" MIN="." MEAN="." MAX="."/>
<Obs _TYPE_="TARGET" VARIABLE="mpg" LABEL="" FORMAT="BEST12.0" LEVEL="INTERVAL" TYPE="N" COST="" USE="" MIN="10" MEAN="23.523899371" MAX="46.6"/>
<Obs _TYPE_="PREDICTED" VARIABLE="P_mpg" LABEL="Predicted: mpg" FORMAT="" LEVEL="" TYPE="N" COST="" USE="" MIN="." MEAN="." MAX="."/>
<Obs _TYPE_="RESIDUAL" VARIABLE="R_mpg" LABEL="Residual: mpg" FORMAT="" LEVEL="" TYPE="N" COST="" USE="" MIN="." MEAN="." MAX="."/>
</Data>
<Metadata>
<Variable NAME="_TYPE_" LABEL="Type" LENGTH="32" FORMAT="" TYPE="C"/>
<Variable NAME="VARIABLE" LABEL="Variable" LENGTH="32" FORMAT="" TYPE="C"/>
<Variable NAME="LABEL" LABEL="Label" LENGTH="256" FORMAT="" TYPE="C"/>
<Variable NAME="FORMAT" LABEL="Format" LENGTH="32" FORMAT="" TYPE="C"/>
<Variable NAME="LEVEL" LABEL="Measurement Level" LENGTH="32" FORMAT="" TYPE="C"/>
<Variable NAME="TYPE" LABEL="Type" LENGTH="1" FORMAT="" TYPE="C"/>
<Variable NAME="COST" LABEL="Cost" LENGTH="32" FORMAT="" TYPE="C"/>
<Variable NAME="USE" LABEL="Use" LENGTH="1" FORMAT="" TYPE="C"/>
<Variable NAME="MIN" LABEL="Minimum" LENGTH="8" FORMAT="" TYPE="N"/>
<Variable NAME="MEAN" LABEL="Mean" LENGTH="8" FORMAT="" TYPE="N"/>
<Variable NAME="MAX" LABEL="Maximum" LENGTH="8" FORMAT="" TYPE="N"/>
</Metadata>
</DecMeta>
</mpg>
</EmTargetAttributes>
<EmFileProperties>
<EMNOTES Type="EXTERNAL" Extension="txt">
<Data/>
</EMNOTES>
</EmFileProperties>
</PROPERTIES>
</NODE>
<NODE CLASS="SASHELP.EMSAMP.EMDPART.CLASS" COMPONENT="Partition" ID="Part" X="245" Y="174" DESCRIPTION="Data Partition" DIAGRAMID="_ROOT_" PARENTID="" TOOLTYPE="SAMPLE" TOOLPREFIX="Part">
<PROPERTIES Method="DEFAULT" TrainPct="80" ValidatePct="0" TestPct="20" RandomSeed="12345" OutputType="DATA" IntervalDistribution="Y" ClassDistribution="Y" ForceRun="N" RunAction="Train" Component="Partition">
<VariableProperties/>
<EmVariableAttributes/>
<EmTargetAttributes/>
<EmFileProperties>
<EMNOTES Type="EXTERNAL" Extension="txt">
<Data/>
</EMNOTES>
</EmFileProperties>
</PROPERTIES>
</NODE>
<NODE CLASS="SASHELP.EMMODL.REGRESSION.CLASS" COMPONENT="Regression" ID="Reg" X="1008" Y="255" DESCRIPTION="Regression" DIAGRAMID="_ROOT_" PARENTID="" TOOLTYPE="MODEL" TOOLPREFIX="Reg">
<PROPERTIES MainEffect="Y" TwoFactor="N" Polynomial="N" PolynomialDegree="2" Terms="N" Error="LOGISTIC" LinkFunction="LOGIT" SuppressIntercept="N" InputCoding="DEVIATION" MinResourceUse="N" ModelSelection="STEPWISE" SelectionCriterion="DEFAULT" SelectionDefault="Y" Sequential="N" SlEntry="0.05" SlStay="0.05" Start="0" Stop="0" Force="0" Hierarchy="CLASS" Rule="NONE" MaxStep="." StepOutput="N" OptimizationTechnique="DEFAULT" ModelDefaults="Y" MaxIterations="." MaxFunctionCalls="." MaxCPUTime="1 HOUR" ConvDefaults="Y" AbsConvValue="-1.34078E154" AbsFValue="0" AbsFTime="1" AbsGValue="0.00001" AbsGTime="1" AbsXValue="1E-8" AbsXTime="1" FConvValue="0" FConvTimes="1" GConvValue="1E-6" GConvTimes="1" ClParm="N" Covout="N" CovB="N" CorB="N" Simple="N" SuppressOutput="N" Details="N" PrintDesignMatrix="N" SASSPDS="N" Performance="N" ExcludedVariable="REJECT" ForceRun="N" RunAction="Train" Component="Regression" Interactions="">
<VariableProperties/>
<EmVariableAttributes/>
<EmTargetAttributes>
<mpg>
<DecData Table="EMWS1.Reg_mpg_DD">
<Data>
<Obs MPG="10"/>
<Obs MPG="46.6"/>
<Obs MPG="23.523899371"/>
</Data>
<Metadata>
<Variable NAME="mpg" LABEL="" LENGTH="8" FORMAT="" TYPE="N"/>
</Metadata>
</DecData>
<DecMeta Table="EMWS1.Reg_mpg_DM">
<Data>
<Obs _TYPE_="MATRIX" VARIABLE="" LABEL="" FORMAT="" LEVEL="PROFIT" TYPE="" COST="" USE="N" MIN="." MEAN="." MAX="."/>
<Obs _TYPE_="TARGET" VARIABLE="mpg" LABEL="" FORMAT="BEST12.0" LEVEL="INTERVAL" TYPE="N" COST="" USE="" MIN="10" MEAN="23.523899371" MAX="46.6"/>
<Obs _TYPE_="PREDICTED" VARIABLE="P_mpg" LABEL="Predicted: mpg" FORMAT="" LEVEL="" TYPE="N" COST="" USE="" MIN="." MEAN="." MAX="."/>
<Obs _TYPE_="RESIDUAL" VARIABLE="R_mpg" LABEL="Residual: mpg" FORMAT="" LEVEL="" TYPE="N" COST="" USE="" MIN="." MEAN="." MAX="."/>
</Data>
<Metadata>
<Variable NAME="_TYPE_" LABEL="Type" LENGTH="32" FORMAT="" TYPE="C"/>
<Variable NAME="VARIABLE" LABEL="Variable" LENGTH="32" FORMAT="" TYPE="C"/>
<Variable NAME="LABEL" LABEL="Label" LENGTH="256" FORMAT="" TYPE="C"/>
<Variable NAME="FORMAT" LABEL="Format" LENGTH="32" FORMAT="" TYPE="C"/>
<Variable NAME="LEVEL" LABEL="Measurement Level" LENGTH="32" FORMAT="" TYPE="C"/>
<Variable NAME="TYPE" LABEL="Type" LENGTH="1" FORMAT="" TYPE="C"/>
<Variable NAME="COST" LABEL="Cost" LENGTH="32" FORMAT="" TYPE="C"/>
<Variable NAME="USE" LABEL="Use" LENGTH="1" FORMAT="" TYPE="C"/>
<Variable NAME="MIN" LABEL="Minimum" LENGTH="8" FORMAT="" TYPE="N"/>
<Variable NAME="MEAN" LABEL="Mean" LENGTH="8" FORMAT="" TYPE="N"/>
<Variable NAME="MAX" LABEL="Maximum" LENGTH="8" FORMAT="" TYPE="N"/>
</Metadata>
</DecMeta>
</mpg>
</EmTargetAttributes>
<EmFileProperties>
<EMNOTES Type="EXTERNAL" Extension="txt">
<Data/>
</EMNOTES>
</EmFileProperties>
</PROPERTIES>
</NODE>
<NODE CLASS="SASHELP.EMCORE.EXTENSION.CLASS" COMPONENT="Replace" ID="Repl" X="400" Y="176" DESCRIPTION="Replacement" DIAGRAMID="_ROOT_" PARENTID="" TOOLTYPE="MODIFY" TOOLPREFIX="Repl">
<PROPERTIES Location="CATALOG" Catalog="SASHELP.EMMDFY.REPLACE.SOURCE" HideVariable="N" UnknownLevel="NONE" ReplaceMethod="MISSING" CalcMethod="NONE" MADSCutoff="9.0" SpacingsCutoff="9.0" StddevCutoff="3.0" PercentsCutoff="0.5" CountReport="Y" ForceRun="N" RunAction="Train" Component="Replace" IntervalMethod="NONE" DataNeeded="Y">
<VariableProperties/>
<EmVariableAttributes/>
<EmTargetAttributes/>
<EmFileProperties>
<USERTRAINCODE Type="EXTERNAL" Extension="sas">
<Data/>
</USERTRAINCODE>
<NEWVALUES Type="DATA">
<Data>
<Obs NAME="car_name" LEVEL="_UNKNOWN_" TYPE="C" REPLACE_VALUE="_DEFAULT_"/>
<Obs NAME="horsepower" LEVEL="?" TYPE="C" REPLACE_VALUE="_MISSING_"/>
<Obs NAME="horsepower" LEVEL="_UNKNOWN_" TYPE="C" REPLACE_VALUE="_DEFAULT_"/>
</Data>
<Metadata>
<Variable NAME="Name" LABEL="Variable" LENGTH="32" FORMAT="" TYPE="C"/>
<Variable NAME="LEVEL" LABEL="Formatted Value" LENGTH="36" FORMAT="" TYPE="C"/>
<Variable NAME="TYPE" LABEL="Type" LENGTH="1" FORMAT="" TYPE="C"/>
<Variable NAME="REPLACE_VALUE" LABEL="Replacement Value" LENGTH="200" FORMAT="" TYPE="C"/>
</Metadata>
</NEWVALUES>
<EMNOTES Type="EXTERNAL" Extension="txt">
<Data/>
</EMNOTES>
</EmFileProperties>
</PROPERTIES>
</NODE>
<NODE CLASS="SASHELP.EMEXPL.STATEXPLORE.CLASS" COMPONENT="StatExplore" ID="Stat" X="253" Y="70" DESCRIPTION="StatExplore" DIAGRAMID="_ROOT_" PARENTID="" TOOLTYPE="EXPLORE" TOOLPREFIX="Stat">
<PROPERTIES BySegment="N" Correlation="Y" Spearman="N" Pearson="Y" ChiSquare="Y" ChiSquareInterval="N" ChiSquareIntervalNBins="5" MaximumVars="1000" HideVariable="Y" DropRejected="Y" UseValidate="N" UseTest="N" UseScore="N" NObs="100000" IntervalDistribution="Y" ClassDistribution="Y" LevelSummary="Y" ForceRun="N" RunAction="Train" Component="StatExplore">
<VariableProperties/>
<EmVariableAttributes>
<DELTA Variable="acceleration" AttributeName="REPORT" AttributeValue="Y"/>
<DELTA Variable="car_name" AttributeName="REPORT" AttributeValue="Y"/>
<DELTA Variable="cylinders" AttributeName="REPORT" AttributeValue="Y"/>
<DELTA Variable="displacement" AttributeName="REPORT" AttributeValue="Y"/>
<DELTA Variable="horsepower" AttributeName="REPORT" AttributeValue="Y"/>
<DELTA Variable="model_year" AttributeName="REPORT" AttributeValue="Y"/>
<DELTA Variable="mpg" AttributeName="REPORT" AttributeValue="Y"/>
<DELTA Variable="origin" AttributeName="REPORT" AttributeValue="Y"/>
<DELTA Variable="weight" AttributeName="REPORT" AttributeValue="Y"/>
</EmVariableAttributes>
<EmTargetAttributes/>
<EmFileProperties>
<CROSSTAB Type="DATA">
<Data/>
<Metadata/>
</CROSSTAB>
<EMNOTES Type="EXTERNAL" Extension="txt">
<Data/>
</EMNOTES>
</EmFileProperties>
</PROPERTIES>
</NODE>
<NODE CLASS="SASHELP.EMMDFY.EMTRANS.CLASS" COMPONENT="Transform" ID="Trans" X="860" Y="177" DESCRIPTION="Transform Variables" DIAGRAMID="_ROOT_" PARENTID="" TOOLTYPE="MODIFY" TOOLPREFIX="Trans">
<PROPERTIES DefaultMethod="NONE" DefaultTargetMethod="NONE" DefaultClassMethod="NONE" DefaultClassTargetMethod="NONE" Offset="1" MinOffset="Y" HideVariable="Y" RejectVariable="Y" GroupCutoff="0.1" GroupMissing="N" EmRandomSeed="12345" EmSampleSize="DEFAULT" EmSampleMethod="FIRSTN" MissingValue="USEINSEARCH" SummaryVariables="TRANSFORMED" SummaryStatistics="Y" UseMetaTransform="Y" MissingAsLevel="N" NumberofBins="VARIABLES" MaxOptimalBins="4" ForceRun="N" RunAction="Train" Component="Transform">
<VariableProperties/>
<EmVariableAttributes/>
<EmTargetAttributes/>
<EmFileProperties>
<INTERACTION Type="DATA">
<Data/>
<Metadata/>
</INTERACTION>
<FORMULA Type="DATA">
<Data/>
<Metadata>
<Variable NAME="Name" LABEL="Variable Name" LENGTH="32" FORMAT="" TYPE="C"/>
<Variable NAME="Formula" LABEL="Formula" LENGTH="300" FORMAT="" TYPE="C"/>
<Variable NAME="Type" LABEL="Type" LENGTH="1" FORMAT="" TYPE="C"/>
<Variable NAME="Length" LABEL="Length" LENGTH="8" FORMAT="" TYPE="N"/>
<Variable NAME="Format" LABEL="Format" LENGTH="20" FORMAT="" TYPE="C"/>
<Variable NAME="Role" LABEL="Role" LENGTH="32" FORMAT="" TYPE="C"/>
<Variable NAME="Level" LABEL="Measurement Level" LENGTH="10" FORMAT="" TYPE="C"/>
<Variable NAME="Report" LABEL="Report" LENGTH="1" FORMAT="" TYPE="C"/>
<Variable NAME="Label" LABEL="Label" LENGTH="200" FORMAT="" TYPE="C"/>
<Variable NAME="nlevel" LABEL="Number of Levels" LENGTH="8" FORMAT="" TYPE="N"/>
<Variable NAME="nmiss" LABEL="Missing" LENGTH="8" FORMAT="" TYPE="N"/>
<Variable NAME="min" LABEL="Minimum" LENGTH="8" FORMAT="" TYPE="N"/>
<Variable NAME="max" LABEL="Maximum" LENGTH="8" FORMAT="" TYPE="N"/>
<Variable NAME="mean" LABEL="Mean" LENGTH="8" FORMAT="" TYPE="N"/>
<Variable NAME="std" LABEL="Standard Deviation" LENGTH="8" FORMAT="" TYPE="N"/>
<Variable NAME="skewness" LABEL="Skewness" LENGTH="8" FORMAT="" TYPE="N"/>
<Variable NAME="kurtosis" LABEL="Kurtosis" LENGTH="8" FORMAT="" TYPE="N"/>
</Metadata>
</FORMULA>
<EMNOTES Type="EXTERNAL" Extension="txt">
<Data/>
</EMNOTES>
</EmFileProperties>
</PROPERTIES>
</NODE>
<NODE CLASS="SASHELP.EMEXPL.VARSELECTION.CLASS" COMPONENT="VariableSelection" ID="Varsel" X="1017" Y="174" DESCRIPTION="Variable Selection" DIAGRAMID="_ROOT_" PARENTID="" TOOLTYPE="EXPLORE" TOOLPREFIX="Varsel">
<PROPERTIES TargetModel="DEFAULT" HideRejectedVars="Y" MaxMissingPercent="50" MaxLevel="100" RejectUnusedInputVars="Y" ByPassVars="NONE" ByPassVarsRole="INPUT" HideUnusedInputVars="Y" UseAov16="N" UseInteractions="N" UseGroups="Y" MinR2="0.005" StopR2="0.0005" MaxRows="3000" Passes="6" ChiSquare="3.84" Bins="50" SASSPDS="Y" PrintOption="DEFAULT" ForceRun="N" RunAction="Train" Component="VariableSelection" VarselLabel="VARSELLABEL" RoleUnusedVars="DEFAULT">
<VariableProperties/>
<ManualSelectionVariables/>
<NameMappings/>
<EmVariableAttributes/>
<EmTargetAttributes>
<mpg>
<DecData Table="EMWS1.Varsel_mpg_DD">
<Data>
<Obs MPG="10"/>
<Obs MPG="46.6"/>
<Obs MPG="23.523899371"/>
</Data>
<Metadata>
<Variable NAME="mpg" LABEL="" LENGTH="8" FORMAT="" TYPE="N"/>
</Metadata>
</DecData>
<DecMeta Table="EMWS1.Varsel_mpg_DM">
<Data>
<Obs _TYPE_="MATRIX" VARIABLE="" LABEL="" FORMAT="" LEVEL="PROFIT" TYPE="" COST="" USE="N" MIN="." MEAN="." MAX="."/>
<Obs _TYPE_="TARGET" VARIABLE="mpg" LABEL="" FORMAT="BEST12.0" LEVEL="INTERVAL" TYPE="N" COST="" USE="" MIN="10" MEAN="23.523899371" MAX="46.6"/>
<Obs _TYPE_="PREDICTED" VARIABLE="P_mpg" LABEL="Predicted: mpg" FORMAT="" LEVEL="" TYPE="N" COST="" USE="" MIN="." MEAN="." MAX="."/>
<Obs _TYPE_="RESIDUAL" VARIABLE="R_mpg" LABEL="Residual: mpg" FORMAT="" LEVEL="" TYPE="N" COST="" USE="" MIN="." MEAN="." MAX="."/>
</Data>
<Metadata>
<Variable NAME="_TYPE_" LABEL="Type" LENGTH="32" FORMAT="" TYPE="C"/>
<Variable NAME="VARIABLE" LABEL="Variable" LENGTH="32" FORMAT="" TYPE="C"/>
<Variable NAME="LABEL" LABEL="Label" LENGTH="256" FORMAT="" TYPE="C"/>
<Variable NAME="FORMAT" LABEL="Format" LENGTH="32" FORMAT="" TYPE="C"/>
<Variable NAME="LEVEL" LABEL="Measurement Level" LENGTH="32" FORMAT="" TYPE="C"/>
<Variable NAME="TYPE" LABEL="Type" LENGTH="1" FORMAT="" TYPE="C"/>
<Variable NAME="COST" LABEL="Cost" LENGTH="32" FORMAT="" TYPE="C"/>
<Variable NAME="USE" LABEL="Use" LENGTH="1" FORMAT="" TYPE="C"/>
<Variable NAME="MIN" LABEL="Minimum" LENGTH="8" FORMAT="" TYPE="N"/>
<Variable NAME="MEAN" LABEL="Mean" LENGTH="8" FORMAT="" TYPE="N"/>
<Variable NAME="MAX" LABEL="Maximum" LENGTH="8" FORMAT="" TYPE="N"/>
</Metadata>
</DecMeta>
</mpg>
</EmTargetAttributes>
<EmFileProperties>
<EMNOTES Type="EXTERNAL" Extension="txt">
<Data/>
</EMNOTES>
</EmFileProperties>
</PROPERTIES>
</NODE>
</NODES>
<CONNECTIONS>
<CONNECTION FROM="FIMPORT" TO="Part"/>
<CONNECTION FROM="FIMPORT" TO="Stat"/>
<CONNECTION FROM="FIMPORT" TO="GrfExpl"/>
<CONNECTION FROM="Varsel" TO="Neural"/>
<CONNECTION FROM="Neural" TO="MdlComp"/>
<CONNECTION FROM="Reg" TO="MdlComp"/>
<CONNECTION FROM="Part" TO="Repl"/>
<CONNECTION FROM="CNTRL" TO="Impt"/>
<CONNECTION FROM="Repl" TO="CNTRL"/>
<CONNECTION FROM="Trans" TO="Reg"/>
<CONNECTION FROM="Trans" TO="Varsel"/>
<CONNECTION FROM="Impt" TO="Trans"/>
</CONNECTIONS>
<NOTES>
<DATA><![CDATA[

]]>
</DATA>
</NOTES>
</Workspace>
</_ROOT_>
